{
  "training": {
    "best_model": "Random Forest",
    "cv_accuracy": 0.46215503045453643,
    "train_accuracy": 0.9394703656998739,
    "num_classes": 14,
    "class_names": [
      "A",
      "B",
      "C",
      "D",
      "G",
      "H",
      "J",
      "L",
      "M",
      "N",
      "P",
      "R",
      "S",
      "V"
    ]
  },
  "evaluation": {
    "accuracy": 0.4508816120906801,
    "precision_macro": 0.35130981299782865,
    "precision_weighted": 0.4273977958806039,
    "recall_macro": 0.32547113158975266,
    "recall_weighted": 0.4508816120906801,
    "f1_macro": 0.32628730426894254,
    "f1_weighted": 0.42666400802223997,
    "per_class_report": {
      "A": {
        "precision": 0.3404255319148936,
        "recall": 0.36363636363636365,
        "f1-score": 0.3516483516483517,
        "support": 44.0
      },
      "B": {
        "precision": 0.42857142857142855,
        "recall": 0.2857142857142857,
        "f1-score": 0.34285714285714286,
        "support": 21.0
      },
      "C": {
        "precision": 0.46,
        "recall": 0.48936170212765956,
        "f1-score": 0.4742268041237113,
        "support": 47.0
      },
      "D": {
        "precision": 0.5454545454545454,
        "recall": 0.3157894736842105,
        "f1-score": 0.4,
        "support": 19.0
      },
      "G": {
        "precision": 0.375,
        "recall": 0.36,
        "f1-score": 0.3673469387755102,
        "support": 25.0
      },
      "H": {
        "precision": 0.0,
        "recall": 0.0,
        "f1-score": 0.0,
        "support": 9.0
      },
      "J": {
        "precision": 0.40816326530612246,
        "recall": 0.5555555555555556,
        "f1-score": 0.47058823529411764,
        "support": 36.0
      },
      "L": {
        "precision": 0.4166666666666667,
        "recall": 0.6730769230769231,
        "f1-score": 0.5147058823529411,
        "support": 52.0
      },
      "M": {
        "precision": 0.36363636363636365,
        "recall": 0.2,
        "f1-score": 0.25806451612903225,
        "support": 20.0
      },
      "N": {
        "precision": 0.6153846153846154,
        "recall": 0.7384615384615385,
        "f1-score": 0.6713286713286714,
        "support": 65.0
      },
      "P": {
        "precision": 0.0,
        "recall": 0.0,
        "f1-score": 0.0,
        "support": 8.0
      },
      "R": {
        "precision": 0.6923076923076923,
        "recall": 0.375,
        "f1-score": 0.4864864864864865,
        "support": 24.0
      },
      "S": {
        "precision": 0.2727272727272727,
        "recall": 0.2,
        "f1-score": 0.23076923076923078,
        "support": 15.0
      },
      "V": {
        "precision": 0.0,
        "recall": 0.0,
        "f1-score": 0.0,
        "support": 12.0
      },
      "accuracy": 0.4508816120906801,
      "macro avg": {
        "precision": 0.35130981299782865,
        "recall": 0.32547113158975266,
        "f1-score": 0.32628730426894254,
        "support": 397.0
      },
      "weighted avg": {
        "precision": 0.4273977958806039,
        "recall": 0.4508816120906801,
        "f1-score": 0.42666400802223997,
        "support": 397.0
      }
    },
    "confusion_matrix": [
      [
        16,
        0,
        6,
        0,
        3,
        0,
        1,
        8,
        1,
        8,
        0,
        1,
        0,
        0
      ],
      [
        2,
        6,
        1,
        0,
        2,
        0,
        3,
        5,
        0,
        2,
        0,
        0,
        0,
        0
      ],
      [
        1,
        2,
        23,
        0,
        1,
        0,
        5,
        5,
        1,
        7,
        0,
        0,
        1,
        1
      ],
      [
        0,
        1,
        3,
        6,
        1,
        0,
        4,
        4,
        0,
        0,
        0,
        0,
        0,
        0
      ],
      [
        2,
        0,
        2,
        0,
        9,
        1,
        4,
        4,
        0,
        0,
        0,
        0,
        3,
        0
      ],
      [
        3,
        0,
        0,
        3,
        0,
        0,
        0,
        2,
        1,
        0,
        0,
        0,
        0,
        0
      ],
      [
        1,
        0,
        3,
        0,
        1,
        0,
        20,
        6,
        0,
        1,
        1,
        1,
        2,
        0
      ],
      [
        5,
        3,
        2,
        0,
        2,
        0,
        2,
        35,
        0,
        2,
        1,
        0,
        0,
        0
      ],
      [
        4,
        0,
        0,
        0,
        0,
        0,
        2,
        3,
        4,
        5,
        0,
        1,
        0,
        1
      ],
      [
        6,
        0,
        2,
        1,
        2,
        0,
        1,
        3,
        1,
        48,
        0,
        0,
        1,
        0
      ],
      [
        1,
        0,
        1,
        0,
        0,
        0,
        3,
        2,
        0,
        1,
        0,
        0,
        0,
        0
      ],
      [
        1,
        1,
        2,
        1,
        1,
        0,
        3,
        2,
        1,
        2,
        0,
        9,
        1,
        0
      ],
      [
        3,
        0,
        1,
        0,
        2,
        0,
        0,
        2,
        2,
        1,
        0,
        1,
        3,
        0
      ],
      [
        2,
        1,
        4,
        0,
        0,
        0,
        1,
        3,
        0,
        1,
        0,
        0,
        0,
        0
      ]
    ],
    "class_names": [
      "A",
      "B",
      "C",
      "D",
      "G",
      "H",
      "J",
      "L",
      "M",
      "N",
      "P",
      "R",
      "S",
      "V"
    ],
    "top_2_accuracy": 0.5894206549118388,
    "top_3_accuracy": 0.6599496221662469,
    "top_5_accuracy": 0.760705289672544
  }
}